<?xml version="1.0" encoding="UTF-8"?>
<jcr:root xmlns:sling="http://sling.apache.org/jcr/sling/1.0" xmlns:cq="http://www.day.com/jcr/cq/1.0" xmlns:jcr="http://www.jcp.org/jcr/1.0" xmlns:nt="http://www.jcp.org/jcr/nt/1.0"
    jcr:primaryType="sling:OrderedFolder">
    <jcr:content
        cq:conf="/conf/myproject"
        jcr:primaryType="nt:unstructured"
        jcr:title="My Project">
        <folderThumbnail/>
    </jcr:content>
    <asset.jpg/>
    <about.jpg/>
    <carousel-1.jpg/>
    <carousel-2.jpg/>
    <project-1.jpg/>
    <project-2.jpg/>
    <project-3.jpg/>
    <project-4.jpg/>
    <team-1.jpg/>
    <team-2.jpg/>
    <team-3.jpg/>
    <team-4.jpg/>
    <testimonial-1.jpg/>
    <testimonial-2.jpg/>
    <testimonial-3.jpg/>
    <testimonial-4.jpg/>
    <icon/>
</jcr:root>
