<?xml version="1.0" encoding="UTF-8"?>
<jcr:root xmlns:sling="http://sling.apache.org/jcr/sling/1.0" xmlns:cq="http://www.day.com/jcr/cq/1.0" xmlns:jcr="http://www.jcp.org/jcr/1.0" xmlns:nt="http://www.jcp.org/jcr/nt/1.0"
    jcr:primaryType="cq:Page">
    <jcr:content
        cq:deviceGroups="[mobile/groups/responsive]"
        cq:lastModified="{Date}2022-04-13T08:49:22.497+05:30"
        cq:lastModifiedBy="admin"
        cq:template="/conf/myproject/settings/wcm/templates/template-sample"
        jcr:primaryType="cq:PageContent"
        sling:resourceType="myproject/components/page">
        <root
            jcr:primaryType="nt:unstructured"
            sling:resourceType="myproject/components/container"
            layout="responsiveGrid">
            <title
                jcr:created="{Date}2022-04-09T11:16:39.916+05:30"
                jcr:createdBy="admin"
                jcr:lastModified="{Date}2022-04-09T11:16:54.144+05:30"
                jcr:lastModifiedBy="admin"
                jcr:primaryType="nt:unstructured"
                jcr:title="Sample TExt"
                sling:resourceType="myproject/components/title"
                type="[,h3]"/>
            <container
                jcr:primaryType="nt:unstructured"
                sling:resourceType="myproject/components/container"
                editable="{Boolean}true"
                layout="responsiveGrid">
                <cq:responsive jcr:primaryType="nt:unstructured">
                    <default
                        jcr:primaryType="nt:unstructured"
                        offset="2"
                        width="9"/>
                </cq:responsive>
            </container>
            <customtitle
                jcr:created="{Date}2022-04-13T08:49:22.495+05:30"
                jcr:createdBy="admin"
                jcr:lastModified="{Date}2022-04-13T08:49:22.495+05:30"
                jcr:lastModifiedBy="admin"
                jcr:primaryType="nt:unstructured"
                sling:resourceType="myproject/components/customTitle"/>
        </root>
        <cq:responsive jcr:primaryType="nt:unstructured">
            <breakpoints jcr:primaryType="nt:unstructured">
                <phone
                    jcr:primaryType="nt:unstructured"
                    title="Smaller Screen"
                    width="{Long}768"/>
                <tablet
                    jcr:primaryType="nt:unstructured"
                    title="Tablet"
                    width="{Long}1200"/>
            </breakpoints>
        </cq:responsive>
    </jcr:content>
</jcr:root>
